Workbook

Sheet Calculadora_automatica_Craft_Ar
A1: Quantidade | C1: Preço
E2: Só escreve nas células a verde a quantidade de armas que vais craftar ou vender.
E3: O preço total, as peças de arma e o material da mina são calculados automaticamente.
A4: Scar | B4: 5 | C4: {=B4:B7*Info!H15:H18} -> 0
A5: Revolver | C5: 0
A6: Musket | C6: 0
A7: QBZ | C7: 0
A8: Total: | B8: =SUM(B4:B7) -> 5 | C8: =SUM(C4:C7) -> 0
B11: Peças de arma
B12: Ferro | C12: Gatilho | D12: Mola | E12: Engrenagem | F12: Cano | G12: Corp
A13: Total: | B13: =SUM(Info!B37:B40) -> 5 | C13: =SUM(Info!C37:C40) -> 5 | D13: =SUM(Info!D37:D40) -> 5 | E13: =SUM(Info!E37:E40) -> 5 | F13: =SUM(Info!F37:F40) -> 5 | G13: =SUM(Info!G37:G40) -> 5
B15: Material mina
B16: Carvao | C16: Ferro | D16: Prata | E16: Cobre | F16: Ouro | G16: Aluminio | H16: Borracha
A17: Total pepitas: | B17: =SUM(Info!B27:B32) -> 240 | C17: =SUM(Info!C27:C32) -> 400 | D17: =SUM(Info!D27:D32) -> 400 | E17: =SUM(Info!E27:E32) -> 300 | F17: =SUM(Info!F27:F32) -> 600 | G17: =SUM(Info!G27:G32) -> 200 | H17: =SUM(Info!H27:H32) -> 20
A18: Total refinado: | B18: =B17 -> 240 | C18: =C17/10 -> 40 | D18: =D17/10 -> 40 | E18: =E17/10 -> 30 | F18: =F17/10 -> 60 | G18: =G17/10 -> 20 | H18: =H17 -> 20
A35: Calculador mina
B37: Pepitas
B38: Carvao | C38: Ferro | D38: Prata | E38: Cobre | F38: Ouro | G38: Aluminio | H38: Borracha
A39: Pepitas que tens | B39: 493 | D39: 494 | F39: 86+407 | G39: 200
A40: Total que falta | B40: =Info!B52-Info!B50 -> 253 | C40: =Info!C52-Info!C50 -> -400 | D40: =Info!D52-Info!D50 -> 94 | E40: =Info!E52-Info!E50 -> -300 | F40: =Info!F52-Info!F50 -> -107 | G40: =Info!G52-Info!G50 -> 0 | H40: =Info!H52-Info!H50 -> -20
A43: Pepitas ou Baras
B45: Baras
B46: Carvao | C46: Ferro | D46: Prata | E46: Cobre | F46: Ouro | G46: Aluminio | H46: Borracha
A47: Baras que tens
A48: Total que falta | B48: =Info!B53-Info!B51 -> -240 | C48: =Info!C53-Info!C51 -> -40 | D48: =Info!D53-Info!D51 -> -40 | E48: =Info!E53-Info!E51 -> -30 | F48: =Info!F53-Info!F51 -> -60 | G48: =Info!G53-Info!G51 -> -20 | H48: =Info!H53-Info!H51 -> -20
A51: Só podes escrever nas células a verde.
A52: Se tiveres, por exemplo, uma carrinha com 50 de cobre e outra com 68 de cobre, não precisas de fazer as contas
A53: — podes escrever 50+68 na célula verde e a folha vai calcular o resultado automaticamente.

Sheet Info
A1: Peças | B1: Materias
B3: Carvao | C3: Ferro | D3: Prata | E3: Cobr | F3: Ouro | G3: Aluminio | H3: Borracha
A4: Ferro | B4: 8 | C4: 20 | D4: 40 | E4: 20
A5: Gatilho | B5: 8 | F5: 80
A6: Mola | B6: 8 | D6: 20 | F6: 40 | H6: 2
A7: Engrenagem | B7: 8 | E7: 40 | H7: 2
A8: Cano | B8: 8 | C8: 20 | D8: 20
A9: Corp | B9: 8 | C9: 40 | G9: 40
A12: Armas | B12: Peças
B14: Ferro | C14: Gatilho | D14: Mola | E14: Engrenagem | F14: Cano | G14: Corp | H14: Preço
A15: Scar | B15: 1 | C15: 1 | D15: 1 | E15: 1 | F15: 1 | G15: 1 | H15: 0
A16: Revolver | B16: 1 | C16: 1 | D16: 1 | E16: 1 | F16: 1 | G16: 1 | H16: 0
A17: Musket | B17: 1 | C17: 1 | D17: 1 | E17: 1 | F17: 1 | G17: 1 | H17: 0
A18: QBZ | B18: 1 | C18: 1 | D18: 1 | E18: 0 | F18: 1 | G18: 1 | H18: 0
A24: Peças | B24: Materias
B26: Carvao | C26: Ferro | D26: Prata | E26: Cobr | F26: Ouro | G26: Aluminio | H26: Borracha | J26: Quantidae de craft
A27: Ferro | B27: {=J27*B4:H9} -> 40 | C27: 100 | D27: 200 | E27: 100 | F27: 0 | G27: 0 | H27: 0 | J27: =SUM(B37:B40) -> 5
A28: Gatilho | B28: 40 | C28: 0 | D28: 0 | E28: 0 | F28: 400 | G28: 0 | H28: 0 | J28: =SUM(C37:C40) -> 5
A29: Mola | B29: 40 | C29: 0 | D29: 100 | E29: 0 | F29: 200 | G29: 0 | H29: 10 | J29: =SUM(D37:D40) -> 5
A30: Engrenagem | B30: 40 | C30: 0 | D30: 0 | E30: 200 | F30: 0 | G30: 0 | H30: 10 | J30: =SUM(E37:E40) -> 5
A31: Cano | B31: 40 | C31: 100 | D31: 100 | E31: 0 | F31: 0 | G31: 0 | H31: 0 | J31: =SUM(F37:F40) -> 5
A32: Corp | B32: 40 | C32: 200 | D32: 0 | E32: 0 | F32: 0 | G32: 200 | H32: 0 | J32: =SUM(G37:G40) -> 5
A34: Armas | B34: Peças
B36: Ferro | C36: Gatilho | D36: Mola | E36: Engrenagem | F36: Cano | G36: Corp
A37: Scar | B37: {=Calculadora_automatica_Craft_Ar!B4:B7*Info!B15:G18} -> 5 | C37: 5 | D37: 5 | E37: 5 | F37: 5 | G37: 5
A38: Revolver | B38: 0 | C38: 0 | D38: 0 | E38: 0 | F38: 0 | G38: 0
A39: Musket | B39: 0 | C39: 0 | D39: 0 | E39: 0 | F39: 0 | G39: 0
A40: QBZ | B40: 0 | C40: 0 | D40: 0 | E40: 0 | F40: 0 | G40: 0
B49: Carvao | C49: Ferro | D49: Prata | E49: Cobre | F49: Ouro | G49: Aluminio | H49: Borracha
A50: Pepitas necessarias | B50: =Calculadora_automatica_Craft_Ar!B17 -> 240 | C50: =Calculadora_automatica_Craft_Ar!C17 -> 400 | D50: =Calculadora_automatica_Craft_Ar!D17 -> 400 | E50: =Calculadora_automatica_Craft_Ar!E17 -> 300 | F50: =Calculadora_automatica_Craft_Ar!F17 -> 600 | G50: =Calculadora_automatica_Craft_Ar!G17 -> 200 | H50: =Calculadora_automatica_Craft_Ar!H17 -> 20
A51: Refinado necessarias | B51: =Calculadora_automatica_Craft_Ar!B18 -> 240 | C51: =Calculadora_automatica_Craft_Ar!C18 -> 40 | D51: =Calculadora_automatica_Craft_Ar!D18 -> 40 | E51: =Calculadora_automatica_Craft_Ar!E18 -> 30 | F51: =Calculadora_automatica_Craft_Ar!F18 -> 60 | G51: =Calculadora_automatica_Craft_Ar!G18 -> 20 | H51: =Calculadora_automatica_Craft_Ar!H18 -> 20
A52: Farm pepitas | B52: {=IF(Calculadora_automatica_Craft_Ar!B39="",0,SUM(--_xlfn.TEXTSPLIT(Calculadora_automatica_Craft_Ar!B39,"+")))} -> 493 | C52: {=IF(Calculadora_automatica_Craft_Ar!C39="",0,SUM(--_xlfn.TEXTSPLIT(Calculadora_automatica_Craft_Ar!C39,"+")))} -> 0 | D52: {=IF(Calculadora_automatica_Craft_Ar!D39="",0,SUM(--_xlfn.TEXTSPLIT(Calculadora_automatica_Craft_Ar!D39,"+")))} -> 494 | E52: {=IF(Calculadora_automatica_Craft_Ar!E39="",0,SUM(--_xlfn.TEXTSPLIT(Calculadora_automatica_Craft_Ar!E39,"+")))} -> 0 | F52: {=IF(Calculadora_automatica_Craft_Ar!F39="",0,SUM(--_xlfn.TEXTSPLIT(Calculadora_automatica_Craft_Ar!F39,"+")))} -> 493 | G52: {=IF(Calculadora_automatica_Craft_Ar!G39="",0,SUM(--_xlfn.TEXTSPLIT(Calculadora_automatica_Craft_Ar!G39,"+")))} -> 200 | H52: {=IF(Calculadora_automatica_Craft_Ar!H39="",0,SUM(--_xlfn.TEXTSPLIT(Calculadora_automatica_Craft_Ar!H39,"+")))} -> 0
A53: Farm Refinado | B53: {=IF(Calculadora_automatica_Craft_Ar!B47="",0,SUM(--_xlfn.TEXTSPLIT(Calculadora_automatica_Craft_Ar!B47,"+")))} -> 0 | C53: {=IF(Calculadora_automatica_Craft_Ar!C47="",0,SUM(--_xlfn.TEXTSPLIT(Calculadora_automatica_Craft_Ar!C47,"+")))} -> 0 | D53: {=IF(Calculadora_automatica_Craft_Ar!D47="",0,SUM(--_xlfn.TEXTSPLIT(Calculadora_automatica_Craft_Ar!D47,"+")))} -> 0 | E53: {=IF(Calculadora_automatica_Craft_Ar!E47="",0,SUM(--_xlfn.TEXTSPLIT(Calculadora_automatica_Craft_Ar!E47,"+")))} -> 0 | F53: {=IF(Calculadora_automatica_Craft_Ar!F47="",0,SUM(--_xlfn.TEXTSPLIT(Calculadora_automatica_Craft_Ar!F47,"+")))} -> 0 | G53: {=IF(Calculadora_automatica_Craft_Ar!G47="",0,SUM(--_xlfn.TEXTSPLIT(Calculadora_automatica_Craft_Ar!G47,"+")))} -> 0 | H53: {=IF(Calculadora_automatica_Craft_Ar!H47="",0,SUM(--_xlfn.TEXTSPLIT(Calculadora_automatica_Craft_Ar!H47,"+")))} -> 0
